City_ID,City,Lat,Lng,Max Temp,Humidity,Cloudiness,Wind Speed,Country,Date
0,papatowai,-46.5619,169.4708,6.34,93,37,2.61,NZ,1721314759
1,nova sintra,14.8667,-24.7167,24.42,74,14,4.3,CV,1721314760
2,margaret river,-33.95,115.0667,10.93,62,99,14.03,AU,1721314761
3,barranquilla,10.9639,-74.7964,27.88,83,20,2.06,CO,1721314544
4,adamstown,-25.066,-130.1015,22.18,86,6,9.1,PN,1721314763
5,manaure,11.7751,-72.4445,29.82,63,100,2.53,CO,1721314764
6,kailua-kona,19.6406,-155.9956,23.98,92,100,3.6,US,1721314765
7,hard bargain,26.3167,-77.5667,28.56,75,97,5.51,BS,1721314767
8,grytviken,-54.2811,-36.5092,-0.16,84,39,0.79,GS,1721314768
9,invercargill,-46.4,168.35,1.68,99,23,1.34,NZ,1721314769
10,bredasdorp,-34.5322,20.0403,11.93,90,96,2.26,ZA,1721314770
11,kodiak,57.79,-152.4072,9.73,93,100,3.09,US,1721314771
12,yellowknife,62.456,-114.3525,22.45,63,100,3.09,CA,1721314772
13,mitu,1.1983,-70.1733,22.69,92,100,0.85,CO,1721314773
14,edinburgh of the seven seas,-37.0676,-12.3116,12.72,70,40,8.42,SH,1721314775
15,dunedin,-45.8742,170.5036,7.67,94,71,0.89,NZ,1721314776
16,amga,60.8953,131.9608,15.97,94,100,1.44,RU,1721314777
17,ribeira grande,38.5167,-28.7,24.22,73,40,3.6,PT,1721314778
18,karratha,-20.7377,116.8463,21.96,81,2,1.02,AU,1721314779
19,port-aux-francais,-49.35,70.2167,2.72,98,100,8.66,TF,1721314780
20,chardara,41.2547,67.9692,29.94,32,24,1.6,KZ,1721314782
21,olonkinbyen,70.9221,-8.7187,4.77,89,100,3.63,SJ,1721314783
22,hammerfest,70.6634,23.6821,22.25,56,40,6.69,NO,1721314784
23,kathu,7.9178,98.3332,29.83,87,98,2.81,TH,1721314785
24,archangelos,36.2149,28.1149,29.99,38,0,2.82,GR,1721314786
25,beinamar,8.6698,15.3813,28.78,65,97,1.24,TD,1721314787
26,waitangi,-43.9535,-176.5597,9.34,94,97,1.79,NZ,1721314788
27,hultsfred,57.4882,15.8436,24.05,43,24,5.51,SE,1721314790
28,lobujya,27.95,86.8167,5.32,98,100,2.4,NP,1721314791
29,guerrero negro,27.9769,-114.0611,20.45,76,62,4.19,MX,1721314792
30,albesti,47.7,27.0667,34.59,33,62,7.49,RO,1721314793
31,itoman,26.1247,127.6694,30.01,86,20,3.6,JP,1721314794
32,college,64.8569,-147.8028,10.04,87,75,2.06,US,1721314775
33,jamestown,42.097,-79.2353,20.77,72,20,2.06,US,1721314700
34,nuuk,64.1835,-51.7216,6.71,80,13,2.21,GL,1721314798
35,nadi,-17.8,177.4167,21.0,94,20,0.0,FJ,1721314799
36,casalbordino-miracoli,42.1535,14.5991,35.83,40,0,3.8,IT,1721314800
37,sitka,57.0531,-135.33,13.0,89,25,1.11,US,1721314803
38,azangaro,-14.9167,-70.2167,10.92,21,0,1.24,PE,1721314805
39,san patricio,28.017,-97.5169,30.51,63,100,1.04,US,1721314806
40,polyarnyy,69.1989,33.4478,17.32,72,53,5.44,RU,1721314807
41,korsakov,46.6328,142.7813,15.91,95,69,1.47,RU,1721314808
42,merizo village,13.2658,144.6691,28.85,89,100,7.68,GU,1721314809
43,port mathurin,-19.6833,63.4167,23.13,74,7,8.03,MU,1721314810
44,fale old settlement,-9.3852,-171.2468,28.39,77,85,10.46,TK,1721314811
45,albany,42.6001,-73.9662,25.57,61,82,0.45,US,1721314641
46,west island,-12.1568,96.8225,26.99,74,20,7.72,CC,1721314815
47,bilibino,68.0546,166.4372,13.5,58,8,3.97,RU,1721314816
48,manggar,-2.8833,108.2667,27.55,77,47,6.73,ID,1721314817
49,new norfolk,-42.7826,147.0587,5.72,98,55,1.06,AU,1721314818
50,mount isa,-20.7333,139.5,6.87,57,1,1.54,AU,1721314820
51,mitchell,43.7094,-98.0298,22.31,66,0,1.34,US,1721314821
52,wailua homesteads,22.0669,-159.378,22.08,95,28,4.06,US,1721314822
53,thompson,55.7435,-97.8558,21.09,73,75,1.03,CA,1721314823
54,newport,51.5877,-2.9984,26.73,54,57,2.64,GB,1721314622
55,hermanus,-34.4187,19.2345,13.78,80,100,4.1,ZA,1721314825
56,majene,-3.5403,118.9707,24.41,79,7,7.0,ID,1721314826
57,stanley,54.868,-1.6985,21.77,64,20,3.6,GB,1721314828
58,monrovia,6.3005,-10.7969,24.87,80,100,7.17,LR,1721314783
59,usol'ye,59.4268,56.6808,19.9,82,28,3.32,RU,1721314831
60,bethel,41.3712,-73.414,26.06,76,100,0.89,US,1721314832
61,aasiaat,68.7098,-52.8699,5.67,74,1,3.1,GL,1721314834
62,haiku-pauwela,20.9219,-156.3051,21.81,78,0,2.06,US,1721314835
63,kuta,-8.7233,115.1723,26.97,83,40,6.17,ID,1721314836
64,huarmey,-10.0681,-78.1522,19.09,69,48,2.88,PE,1721314837
65,udachny,66.4167,112.4,15.12,39,18,2.53,RU,1721314838
66,karamay,45.6004,84.8661,29.32,35,100,10.85,CN,1721314839
67,ende,-8.8432,121.6623,20.42,90,59,0.98,ID,1721314841
68,barra de santo antonio,-9.4047,-35.5072,25.6,73,75,4.53,BR,1721314842
69,praia da vitoria,38.7333,-27.0667,24.31,73,40,3.85,PT,1721314843
70,remire-montjoly,4.9167,-52.2667,31.02,66,75,1.54,GF,1721314844
71,mahajanga,-15.7167,46.3167,28.01,61,20,4.12,MG,1721314846
72,lihue,21.9789,-159.3672,22.42,95,44,4.36,US,1721314848
73,blackmans bay,-43.0167,147.3167,5.07,89,50,0.45,AU,1721314849
74,tralee,52.2704,-9.7026,18.14,68,100,3.09,IE,1721314850
75,mogocha,53.7333,119.7667,15.12,99,100,2.02,RU,1721314851
76,ziro,27.6333,93.8333,18.56,96,83,0.18,IN,1721314852
77,ushuaia,-54.8,-68.3,1.81,69,20,6.69,AR,1721314854
78,orkney,-26.9802,26.6727,23.33,8,0,5.08,ZA,1721314855
79,badger,64.8,-147.5333,9.99,89,75,2.06,US,1721314856
80,arawa,-6.2132,155.5367,24.89,92,100,1.98,PG,1721314858
81,malanville,11.8685,3.3899,33.26,52,92,3.02,BJ,1721314859
82,cabo san lucas,22.8909,-109.9124,28.99,52,5,4.97,MX,1721314860
83,touros,-5.1989,-35.4608,27.4,70,88,6.7,BR,1721314862
84,regina,50.4501,-104.6178,17.06,77,20,3.09,CA,1721314388
85,longyearbyen,78.2186,15.6401,9.91,71,0,7.2,SJ,1721314864
86,aleksandrovsk-sakhalinskiy,50.8975,142.1561,15.62,90,100,3.7,RU,1721314865
87,bandarbeyla,9.4942,50.8122,27.42,70,73,14.9,SO,1721314866
88,nabire,-3.3667,135.4833,23.48,93,100,2.0,ID,1721314868
89,tikhvin,59.6451,33.5294,18.45,86,100,2.17,RU,1721314869
90,genhe,50.7833,121.5167,15.86,100,100,1.1,CN,1721314870
91,tura,25.5198,90.2201,25.76,95,61,1.92,IN,1721314871
92,sterlitamak,53.6246,55.9502,20.96,83,17,2.76,RU,1721314872
93,mena,51.5217,32.2157,19.8,90,80,4.61,UA,1721314630
94,puerto ayora,-0.7393,-90.3518,23.98,90,89,3.13,EC,1721314874
95,klyuchi,52.2667,79.1667,20.32,81,64,2.88,RU,1721314876
96,sofifi,0.7349,127.576,26.28,80,100,1.26,ID,1721314877
97,arrifes,37.7667,-25.7,24.14,69,75,6.17,PT,1721314878
98,peace river,56.2501,-117.286,19.25,72,75,2.06,CA,1721314880
99,cacheu,12.2706,-16.1658,26.05,81,97,3.45,GW,1721314881
100,jiuquan,39.7432,98.5174,28.52,29,13,3.29,CN,1721314882
101,whitehorse,60.7161,-135.0538,8.39,100,20,1.03,CA,1721314883
102,avarua,-21.2078,-159.775,24.03,83,75,4.63,CK,1721314884
103,ebaye,8.7748,167.7392,27.01,83,40,2.06,MH,1721314885
104,nar'yan-mar,67.6713,53.087,13.0,65,4,5.88,RU,1721314887
105,mugumu,-1.85,34.7,24.99,39,99,1.61,TZ,1721314888
106,weiser,44.251,-116.9693,27.4,37,15,2.43,US,1721314889
107,rundu,-17.9333,19.7667,30.07,8,0,0.18,NA,1721314890
108,tiptree,51.8126,0.7489,25.75,63,28,4.29,GB,1721314891
109,sansanne-mango,10.3592,0.4708,30.44,61,96,4.19,TG,1721314892
110,duncan,34.5023,-97.9578,28.38,51,6,5.17,US,1721314894
111,portland,45.5234,-122.6762,17.83,79,20,0.45,US,1721314188
112,beas de segura,38.2524,-2.8888,39.9,15,72,4.45,ES,1721314897
113,smithers,54.7804,-127.1743,15.18,72,40,1.03,CA,1721314846
114,al jawf,29.5,38.75,40.71,10,2,5.58,SA,1721314899
115,dudinka,69.4058,86.1778,13.79,59,6,4.35,RU,1721314900
116,papao,-17.75,-149.55,24.82,81,0,6.15,PF,1721314902
117,hawaiian paradise park,19.5933,-154.9731,21.13,97,62,1.79,US,1721314903
118,mersa matruh,31.3525,27.2453,31.11,55,0,5.14,EG,1721314904
119,rabo de peixe,37.8,-25.5833,24.73,69,75,6.17,PT,1721314905
120,dhidhdhoo,6.8833,73.1,28.56,78,100,7.39,MV,1721314906
121,crateus,-5.1783,-40.6775,33.04,33,60,4.7,BR,1721314907
122,porto de moz,-1.7483,-52.2383,32.47,38,73,1.34,BR,1721314908
123,atafu village,-8.5421,-172.5159,28.72,74,47,8.94,TK,1721314910
124,novaya igirma,57.1334,103.9112,20.24,67,66,0.91,RU,1721314911
125,ghat,24.9647,10.1728,40.61,7,0,10.59,LY,1721314912
126,laguna,38.421,-121.4238,25.1,71,0,0.45,US,1721314721
127,puerto natales,-51.7236,-72.4875,2.25,69,40,2.57,CL,1721314914
128,hamilton,39.1834,-84.5333,23.29,64,0,3.09,US,1721314688
129,balotra,25.8333,72.2333,27.36,88,100,1.96,IN,1721314916
130,talnakh,69.4865,88.3972,14.5,57,5,4.26,RU,1721314917
131,kerikeri,-35.2268,173.9474,13.34,94,100,1.83,NZ,1721314919
132,mount gambier,-37.8333,140.7667,7.86,81,100,4.72,AU,1721314920
133,yeppoon,-23.1333,150.7333,7.36,57,0,3.41,AU,1721314921
134,punta arenas,-53.15,-70.9167,3.06,77,20,8.75,CL,1721314922
135,porto novo,6.4965,2.6036,27.9,69,97,5.93,BJ,1721314923
136,chonchi,-42.6128,-73.8092,5.62,79,60,2.92,CL,1721314924
137,arraial do cabo,-22.9661,-42.0278,24.98,69,0,2.06,BR,1721314909
138,chibougamau,49.9168,-74.3659,17.79,72,20,4.63,CA,1721314927
139,ancud,-41.8697,-73.8203,6.87,74,21,4.5,CL,1721314928
140,iskateley,67.6803,53.1512,13.0,65,4,5.85,RU,1721314929
141,afaahiti,-17.75,-149.2833,23.93,75,0,4.46,PF,1721314930
142,preobrazheniye,42.9019,133.9064,20.32,99,100,1.15,RU,1721314931
143,santiago de chuco,-8.15,-78.1833,15.16,14,0,2.12,PE,1721314932
144,leava,-14.3,-178.1667,27.52,69,100,8.72,WF,1721314933
145,petropavlovsk-kamchatsky,53.0452,158.6483,11.33,82,75,2.0,RU,1721314936
146,urangan,-25.3,152.9,12.61,70,0,6.32,AU,1721314903
147,khorixas,-20.3667,14.9667,26.43,13,1,5.31,NA,1721314938
148,eureka,40.8021,-124.1637,13.47,93,0,0.89,US,1721314939
149,bamboo flat,11.7,92.7167,28.05,89,100,5.14,IN,1721314940
150,paita,-5.0892,-81.1144,19.74,73,7,5.18,PE,1721314942
151,sasaguri,33.6167,130.5333,28.94,73,94,6.69,JP,1721314943
152,kununurra,-15.7667,128.7333,9.99,76,91,0.0,AU,1721314944
153,rudsar,37.1376,50.288,27.99,63,26,2.09,IR,1721314945
154,iqaluit,63.7506,-68.5145,2.85,100,100,8.75,CA,1721314856
155,tsiombe,-25.3,45.4833,19.77,78,49,3.7,MG,1721314947
156,boyolangu,-8.1181,111.8935,22.77,95,71,2.18,ID,1721314948
157,cardenas,23.0375,-81.2047,29.74,67,62,3.31,CU,1721314950
158,fort st. john,56.2499,-120.8529,22.94,35,40,5.14,CA,1721314951
159,saint-denis,48.9167,2.3333,30.69,36,0,3.09,FR,1721314952
160,port lincoln,-34.7333,135.8667,12.29,56,100,8.58,AU,1721314954
161,konakovo,56.7,36.7667,23.47,80,99,0.97,RU,1721314956
162,enewetak,11.3474,162.3373,27.55,83,100,5.89,MH,1721314957
163,kavieng,-2.5744,150.7967,27.41,83,94,3.75,PG,1721314959
164,callao,-12.0667,-77.15,18.18,72,100,3.09,PE,1721314960
165,pahrump,36.2083,-115.9839,32.36,25,66,0.89,US,1721314923
166,fethiye,36.6217,29.1164,30.93,41,66,1.61,TR,1721314962
167,crane,31.3974,-102.3501,26.15,57,53,5.32,US,1721314965
168,jianshui,23.6363,102.8264,20.91,94,81,1.18,CN,1721314966
169,aykhal,66.0,111.5,15.5,57,100,3.36,RU,1721314967
170,port antonio,18.18,-76.4612,30.95,66,1,3.84,JM,1721314968
171,tchibanga,-2.85,11.0333,29.92,49,42,3.88,GA,1721314969
172,jalapa,19.5333,-96.9167,21.01,71,100,1.4,MX,1721314970
173,turkmenbasy,40.0222,52.9552,34.43,21,0,8.75,TM,1721314971
174,sao joao da barra,-21.6403,-41.0511,27.05,62,0,1.65,BR,1721314973
175,swakopmund,-22.6833,14.5333,14.43,80,21,3.58,NA,1721314974
176,olathe,38.8814,-94.8191,25.0,63,45,1.79,US,1721314856
177,tazovsky,67.4667,78.7,15.84,69,66,3.07,RU,1721314976
178,tiksi,71.6872,128.8694,5.31,84,99,3.0,RU,1721314977
179,sapele,5.8941,5.6767,26.9,80,90,4.16,NG,1721314979
180,knyaze-volkonskoye,48.4642,135.4567,22.19,100,100,2.33,RU,1721314980
181,st. john's,47.5649,-52.7093,23.42,87,40,3.6,CA,1721314718
182,sault ste. marie,46.5168,-84.3333,19.16,67,0,4.63,CA,1721314697
183,khenifra,32.9333,-5.6667,36.68,16,93,8.65,MA,1721314984
184,saint-philippe,-21.3585,55.7679,21.77,62,0,2.28,RE,1721314985
185,valenca do piaui,-6.4075,-41.7456,32.94,32,41,3.62,BR,1721314986
186,lerwick,60.1545,-1.1494,15.0,90,89,6.21,GB,1721314988
187,hasaki,35.7333,140.8333,25.22,93,100,4.99,JP,1721314989
188,janakpur,26.7183,85.9065,32.75,65,92,3.62,NP,1721314990
189,vadso,70.0744,29.7487,17.09,67,39,7.72,NO,1721314991
190,minas de marcona,-15.2119,-75.1103,14.45,60,3,3.55,PE,1721314992
191,mont-tremblant,46.1949,-74.6264,17.77,82,100,1.03,CA,1721314917
192,tolanaro,-25.0319,46.9987,23.04,78,75,7.2,MG,1721314994
193,sao joao da pesqueira,41.1108,-7.4338,33.0,17,0,4.96,PT,1721314996
194,uturoa,-16.7333,-151.4333,24.84,81,22,2.24,PF,1721314997
195,aripuana,-9.1667,-60.6333,31.9,28,0,1.96,BR,1721314998
196,angaur state,6.906,134.13,27.72,80,100,5.64,PW,1721314999
197,ungaran,-7.1397,110.405,25.81,74,26,2.57,ID,1721315000
198,bandar-e lengeh,26.5579,54.8807,36.06,67,100,2.06,IR,1721315001
199,kryve ozero,47.9524,30.3493,36.66,22,83,6.48,UA,1721315002
200,anadyr,64.75,177.4833,12.28,87,0,3.58,RU,1721315005
201,kuala terengganu,5.3302,103.1408,28.97,89,40,1.03,MY,1721315006
202,nova vicosa,-17.8919,-39.3719,26.95,56,1,3.24,BR,1721315007
203,zahedan,29.4963,60.8629,33.95,16,36,7.2,IR,1721315008
204,pemba,-12.974,40.5178,26.79,69,20,7.2,MZ,1721315009
205,bafq,31.6128,55.4107,39.91,10,0,8.31,IR,1721315010
206,georgetown,5.4112,100.3354,30.97,63,20,3.13,MY,1721315011
207,kisanga,-7.4362,37.7034,27.94,45,79,2.27,TZ,1721315013
208,san antonio de pale,-1.4014,5.6325,22.71,80,59,5.91,GQ,1721315014
209,jumla,29.2747,82.1838,16.97,95,93,1.24,NP,1721315015
210,nanao,37.05,136.9667,26.85,80,100,0.3,JP,1721315016
211,machico,32.7,-16.7667,25.62,73,40,3.09,PT,1721315017
212,kristinestad,62.2743,21.376,16.72,94,98,1.62,FI,1721315018
213,argo,37.6333,22.7333,35.99,18,0,7.29,GR,1721315019
214,karnobat,42.65,26.9833,31.91,27,100,4.56,BG,1721315021
215,namdrik,5.5994,168.1028,27.96,77,99,3.15,MH,1721315022
216,petauke,-14.2426,31.3253,26.45,19,25,3.01,ZM,1721315023
217,monte argentario,42.4345,11.1195,26.2,69,0,5.59,IT,1721315024
218,koulikoro,14.0,-7.75,26.69,66,100,3.1,ML,1721315025
219,kuanda,56.3161,116.0806,17.82,75,100,0.47,RU,1721315026
220,pitimbu,-7.4706,-34.8086,29.33,71,91,7.18,BR,1721315027
221,port alfred,-33.5906,26.891,17.32,71,23,0.89,ZA,1721315029
222,egilsstadir,65.2653,-14.3948,14.95,67,40,7.2,IS,1721315030
223,kapa'a,22.0752,-159.319,22.83,79,38,4.71,US,1721315032
224,kalispell,48.1958,-114.3129,23.42,54,0,1.34,US,1721315033
225,tamalin,21.35,-97.8,25.77,88,100,1.36,MX,1721315034
226,tamiahua,21.2667,-97.45,27.42,83,100,0.54,MX,1721314861
227,taulaga,-11.0553,-171.0883,28.12,71,100,9.22,AS,1721315038
228,port saint john's,-31.6229,29.5448,21.14,54,0,4.49,ZA,1721315039
229,sur,22.5667,59.5289,33.24,58,100,6.41,OM,1721315040
230,tshikapa,-6.4167,20.8,37.29,11,39,1.98,CD,1721315041
231,kidal,18.4411,1.4078,43.01,8,0,3.22,ML,1721315043
232,gamba,-2.65,10.0,24.15,75,31,4.2,GA,1721315044
233,pangoa,-12.1167,-73.0,25.87,52,0,1.06,PE,1721315045
234,pedernales,18.0384,-71.744,31.62,56,100,1.61,DO,1721315046
235,mar del plata,-38.0023,-57.5575,14.18,77,40,7.6,AR,1721314607
236,matamey,13.4231,8.4749,36.53,31,6,4.23,NE,1721315048
237,severnoye,56.3491,78.3619,16.74,96,99,1.09,RU,1721315050
238,oriximina,-1.7656,-55.8661,33.72,36,28,2.94,BR,1721315051
239,snyder,32.7179,-100.9176,26.67,57,0,6.69,US,1721314827
240,jwaneng,-24.6004,24.7303,24.51,7,0,3.77,BW,1721315053
241,sinjar,36.3209,41.8754,39.36,14,0,4.83,IQ,1721315054
242,severo-yeniseyskiy,60.3725,93.0408,19.32,68,100,1.81,RU,1721315055
243,nyurba,63.2842,118.3319,12.82,74,8,2.56,RU,1721315056
244,doka,13.5167,35.7667,31.4,50,99,3.48,SD,1721315058
245,booue,-0.0921,11.9385,30.57,51,88,1.61,GA,1721315059
246,sungai penuh,-2.0833,101.3833,20.53,93,80,0.33,ID,1721315060
247,selfoss,63.9331,-20.9971,14.73,76,86,2.4,IS,1721315061
248,kolonia,50.9333,6.95,29.69,44,0,2.06,DE,1721315063
249,qaqortoq,60.7167,-46.0333,7.54,78,44,2.59,GL,1721315065
250,qaisumah,28.3112,46.1273,44.98,6,0,5.14,SA,1721315066
251,salta,-24.7859,-65.4117,12.33,47,0,1.54,AR,1721314558
252,hithadhoo,-0.6,73.0833,29.08,70,64,1.86,MV,1721314885
253,bol'shoye boldino,55.0059,45.3142,26.2,45,61,3.64,RU,1721315069
254,richards bay,-28.783,32.0377,24.77,38,0,2.55,ZA,1721314700
255,andilamena,-17.0167,48.5833,14.87,89,11,2.39,MG,1721315071
256,bowen,-20.0167,148.2333,11.37,49,100,4.01,AU,1721315073
257,igrim,63.1906,64.4162,21.43,71,58,1.4,RU,1721315074
258,al qaryatayn,34.2296,37.2407,31.68,30,0,9.44,SY,1721315075
259,vila do maio,15.1333,-23.2167,29.44,77,48,4.1,CV,1721315076
260,shirgaon,19.7,72.7,27.46,89,100,9.4,IN,1721315077
261,lensk,60.7253,114.9278,16.7,93,40,1.95,RU,1721315079
262,cockburn town,21.4612,-71.1419,28.43,85,55,8.22,TC,1721315029
263,kavaratti,10.5669,72.642,27.09,84,100,7.65,IN,1721315082
264,carnarvon,-24.8667,113.6333,17.86,66,100,9.24,AU,1721315083
265,chokwe,-24.5333,32.9833,26.88,29,0,2.67,MZ,1721315084
266,tazacorte,28.629,-17.9293,25.64,79,0,4.12,ES,1721315085
267,bubaque,11.2833,-15.8333,25.44,91,100,6.04,GW,1721315086
268,suva,-18.1416,178.4415,21.71,100,40,0.0,FJ,1721315087
269,gaiman,-43.2897,-65.4929,9.47,38,0,12.04,AR,1721315089
270,rio grande,-32.035,-52.0986,13.06,79,5,1.8,BR,1721315090
271,port elizabeth,-33.918,25.5701,18.94,66,0,6.69,ZA,1721315091
272,ashburton,-37.8626,145.0794,9.13,73,93,1.34,AU,1721315092
273,shantobe,52.4581,68.1839,17.61,82,24,3.11,KZ,1721315093
274,cidreira,-30.1811,-50.2056,16.62,70,1,1.46,BR,1721315095
275,illizi,26.4833,8.4667,42.89,8,0,7.2,DZ,1721314829
276,ad-damazin,11.7891,34.3592,28.57,64,100,6.06,SD,1721315098
277,albion park,-34.5667,150.7833,8.6,66,2,3.88,AU,1721314834
278,ilulissat,69.2167,-51.1,12.01,54,20,2.57,GL,1721315100
279,turpan,42.9333,89.1667,40.8,16,68,4.5,CN,1721315101
280,borogontsy,62.6683,131.1683,14.96,95,100,0.73,RU,1721315103
281,envira,-7.3,-70.2167,29.52,40,12,1.45,BR,1721315104
282,castillos,-34.1667,-53.8333,15.31,66,3,2.23,UY,1721315105
283,nagqu,31.5,92.0,7.5,95,100,1.69,CN,1721315106
284,es castell,39.8795,4.2854,31.38,45,0,3.6,ES,1721315107
285,yugorsk,61.3133,63.3319,23.02,58,97,0.47,RU,1721315109
286,bambanglipuro,-7.95,110.2833,24.23,85,13,3.76,ID,1721315110
287,akom ii,2.7833,10.5667,22.71,94,92,2.1,CM,1721315111
288,caracas,10.488,-66.8792,26.49,76,98,2.06,VE,1721314713
289,labrador city,52.9463,-66.9114,16.77,80,75,18.33,CA,1721315113
290,roberval,48.5168,-72.2324,20.35,73,75,5.14,CA,1721315114
291,zunyi,27.6867,106.9072,22.68,91,96,2.27,CN,1721315111
292,bathsheba,13.2167,-59.5167,30.34,84,40,4.12,BB,1721314870
293,hakui,36.8833,136.7833,26.81,77,100,1.82,JP,1721315118
294,pico truncado,-46.7949,-67.9573,2.18,54,99,11.42,AR,1721315119
295,sirte,31.2089,16.5887,30.45,55,0,5.94,LY,1721315120
296,mata-utu,-13.2816,-176.1745,27.31,71,100,8.96,WF,1721315122
297,pinheiro machado,-31.5783,-53.3811,13.92,81,1,2.35,BR,1721315121
298,slave lake,55.2834,-114.769,17.99,82,0,1.54,CA,1721315124
299,kikwit,-5.041,18.8162,38.17,11,20,0.18,CD,1721315125
300,kimbe,-5.5502,150.1429,25.02,83,99,3.18,PG,1721315129
301,la'ie,21.6477,-157.9253,23.98,85,3,1.79,US,1721315130
302,soldanesti,47.8153,28.7967,36.99,23,45,3.12,MD,1721315131
303,korla,41.7597,86.1469,35.2,20,100,5.35,CN,1721315132
304,yemetsk,63.4721,41.7941,23.0,62,97,1.49,RU,1721315133
305,vung tau,10.346,107.0843,26.29,85,100,5.74,VN,1721315134
306,luderitz,-26.6481,15.1594,16.42,64,0,4.49,NA,1721315135
307,rongelap,11.1635,166.8941,26.73,77,100,5.97,MH,1721315139
308,garango,11.8,-0.5506,32.11,50,78,4.59,BF,1721315142
309,howrah,22.5892,88.3103,30.0,89,20,1.54,IN,1721315144
310,utrik,11.2278,169.8474,26.5,82,100,3.92,MH,1721315145
311,ola,59.5833,151.2833,11.37,89,98,3.68,RU,1721315146
312,konarka,19.9,86.1167,28.22,83,9,6.04,IN,1721315147
313,la passe,45.5549,-0.8967,33.56,54,3,3.7,FR,1721315148
314,mahina,-17.5065,-149.489,24.87,78,75,3.09,PF,1721315149
315,alofi,-19.0595,-169.9187,20.94,94,100,0.51,NU,1721315150
316,concepcion,-36.827,-73.0498,8.89,87,75,3.09,CL,1721314899
317,valparaiso,-33.0393,-71.6273,15.13,71,75,3.6,CL,1721315153
318,gunjur,13.2019,-16.7339,26.04,89,75,3.09,GM,1721315154
319,kruisfontein,-34.0033,24.7314,17.71,53,100,3.57,ZA,1721315155
320,olmos,-5.9847,-79.7453,24.08,54,26,2.87,PE,1721315156
321,altamont,42.2068,-121.7372,15.91,51,0,0.0,US,1721315158
322,saranac lake,44.3295,-74.1313,21.6,64,75,2.57,US,1721315159
323,gbely,48.718,17.1163,30.95,42,14,5.35,SK,1721315160
324,anupgarh,29.1911,73.2086,42.19,23,81,6.16,IN,1721315161
325,inyati,-19.6756,28.8469,25.63,10,0,0.97,ZW,1721315162
326,salekhard,66.53,66.6019,20.05,73,93,6.73,RU,1721315164
327,tidjikja,18.5564,-11.4271,37.74,27,9,1.71,MR,1721314932
328,altay,47.8667,88.1167,21.24,48,93,3.74,CN,1721315111
329,lospalos,-8.5186,127.0025,17.49,74,81,2.7,TL,1721315168
330,port-vila,-17.7338,168.3219,26.78,83,75,2.57,VU,1721315169
331,khandyga,62.6667,135.6,14.06,95,86,1.24,RU,1721315170
332,kingston,17.997,-76.7936,30.65,70,40,12.35,JM,1721314973
333,auki,-8.7676,160.7034,24.91,89,100,0.94,SB,1721315172
334,pacific grove,36.6177,-121.9166,15.79,95,100,4.47,US,1721315173
335,xai-xai,-25.0519,33.6442,24.66,51,0,2.72,MZ,1721315175
336,brisas de zicatela,15.8369,-97.0419,29.29,70,0,0.0,MX,1721315176
337,alice springs,-23.7,133.8833,5.75,65,0,3.09,AU,1721314955
338,heniches'k,46.1759,34.8034,32.61,43,0,4.63,UA,1721315178
339,san miguel,13.4833,-88.1833,29.06,70,92,1.28,SV,1721314981
340,sumbawa besar,-8.5,117.4333,22.13,89,97,1.46,ID,1721315181
341,hidrolandia,-4.4081,-40.4378,34.33,31,67,3.11,BR,1721315184
342,antsiranana,-12.2787,49.2917,26.42,61,20,5.14,MG,1721315185
343,east london,-33.0153,27.9116,19.52,52,0,9.26,ZA,1721315187
344,port hueneme,34.1478,-119.1951,20.79,91,100,1.54,US,1721315188
345,codrington,-38.2667,141.9667,6.82,87,100,5.96,AU,1721315189
346,sao felix do xingu,-6.6447,-51.995,33.26,22,9,2.77,BR,1721315190
347,katsuura,35.1333,140.3,25.44,90,100,7.98,JP,1721315006
348,bardai,11.65,7.2333,31.86,47,43,2.69,NG,1721315192
349,fort bragg,35.139,-79.006,29.32,74,75,4.63,US,1721315194
350,port augusta,-32.5,137.7667,9.7,62,92,5.27,AU,1721315195
351,vorgashor,67.5833,63.95,19.17,58,16,5.26,RU,1721315196
352,babol,36.5513,52.679,30.04,58,93,2.46,IR,1721315197
353,caleta de carquin,-11.0925,-77.6267,18.5,71,39,3.51,PE,1721315198
354,hadibu,12.65,54.0333,26.51,77,98,8.32,YE,1721314930
355,bangassou,4.7413,22.8184,25.64,75,100,1.37,CF,1721315201
356,amos,48.5669,-78.1162,9.83,95,99,2.93,CA,1721314927
357,puerto colombia,10.9878,-74.9547,29.05,79,100,3.62,CO,1721315203
358,luanda,-8.8368,13.2343,23.72,66,23,7.69,AO,1721315046
359,ujae,8.9322,165.7642,27.03,73,100,5.97,MH,1721315205
360,quellon,-43.1167,-73.6167,6.77,68,54,6.99,CL,1721315206
361,aldinga beach,-35.2793,138.4604,11.52,75,99,9.5,AU,1721315208
362,carbonear,47.7332,-53.2148,26.19,91,22,2.58,CA,1721315209
363,lorengau,-2.0226,147.2712,26.71,87,69,3.79,PG,1721315210
364,buka,40.8108,69.1986,29.57,22,48,2.71,UZ,1721315211
365,la sarre,48.8002,-79.1996,14.2,61,84,4.19,CA,1721314943
366,nikolayevsk-on-amure,53.1406,140.73,16.12,99,100,2.01,RU,1721315213
367,galliano,29.4422,-90.2992,31.11,84,40,0.0,US,1721315215
368,sona,45.4388,10.8255,34.21,40,20,2.06,IT,1721315216
369,paramaribo,5.8667,-55.1667,31.95,62,40,2.57,SR,1721315217
370,varjota,-4.1944,-40.4767,34.32,32,71,2.88,BR,1721315218
371,pathein,16.7833,94.7333,25.86,93,100,3.64,MM,1721315219
372,salaqi,40.5414,110.5108,25.92,34,0,0.79,CN,1721315220
373,amlapura,-8.45,115.6167,22.71,89,95,2.08,ID,1721315221
374,susuman,62.7833,148.1667,10.84,87,48,3.68,RU,1721315223
375,verkhotur'ye,58.8627,60.8054,19.66,78,61,1.51,RU,1721315224
376,catriel,-37.8791,-67.7956,11.57,50,99,6.05,AR,1721315225
377,las terrenas,19.311,-69.5428,30.93,79,40,4.12,DO,1721315139
378,shingu,33.7333,135.9833,23.49,96,100,2.39,JP,1721315227
379,ulaangom,49.9811,92.0667,21.77,45,13,2.49,MN,1721315228
380,syktyvkar,61.6764,50.8099,24.85,53,20,0.0,RU,1721315229
381,lebu,-37.6167,-73.65,9.44,77,100,7.47,CL,1721315231
382,flying fish cove,-10.4217,105.6791,24.82,83,40,6.17,CX,1721315232
383,jodhpur,26.2867,73.03,32.28,60,72,6.11,IN,1721315234
384,lakatoro,-16.0999,167.4164,25.61,90,72,3.67,VU,1721315235
385,nakhon nayok,14.1667,101.1,25.44,92,100,1.36,TH,1721315236
386,ust-nera,64.5667,143.2,14.27,81,26,2.43,RU,1721315237
387,madugula,17.9167,82.8,26.58,95,100,0.75,IN,1721315238
388,colonia,50.9333,6.95,29.69,44,0,2.06,DE,1721315063
389,patong,7.8961,98.2966,30.01,87,98,2.93,TH,1721315240
390,saint-joseph,-21.3667,55.6167,18.59,62,0,2.14,RE,1721315242
391,masumbwe,-3.6333,32.1833,29.93,21,30,2.41,TZ,1721315243
392,vila velha,-20.3297,-40.2925,28.97,54,0,2.06,BR,1721314807
393,saint-pierre,-21.3393,55.4781,19.2,62,0,2.38,RE,1721315246
394,tamanrasset,22.785,5.5228,38.95,7,0,8.23,DZ,1721315247
395,saipan,15.1355,145.701,29.39,79,40,5.66,MP,1721315187
396,kilju,40.9642,129.3278,21.04,95,71,1.64,KP,1721315250
397,piranhas,-16.4269,-51.8222,31.61,23,17,3.08,BR,1721315251
398,la ronge,55.1001,-105.2842,23.05,58,0,2.71,CA,1721315252
399,talakan,50.3167,130.3667,18.46,97,100,2.98,RU,1721315253
400,isafjordur,66.0755,-23.124,12.02,82,75,5.66,IS,1721315254
401,kone,-21.0595,164.8658,21.27,94,100,2.61,NC,1721315255
402,fortuna,40.5982,-124.1573,13.32,97,100,0.0,US,1721315242
403,kill devil hills,36.0307,-75.676,28.0,90,0,7.2,US,1721315258
404,keflavik,64.0049,-22.5624,13.24,82,75,3.09,IS,1721315259
405,ballina,-28.8667,153.5667,10.43,72,1,3.61,AU,1721315260
406,potosi,-19.5836,-65.7531,12.48,28,0,0.0,BO,1721315261
407,glubokiy,48.5217,40.3258,39.29,16,4,6.02,RU,1721315262
408,lethem,3.3803,-59.7968,28.89,71,57,0.46,GY,1721315264
409,kelme,55.6339,22.9342,24.01,65,66,5.49,LT,1721315265
410,atlantis,-33.5667,18.4834,14.68,86,15,2.32,ZA,1721315266
411,el fasher,13.6279,25.3494,37.16,23,50,4.99,SD,1721315267
412,raja,8.4596,25.678,29.61,55,100,1.46,SS,1721315268
413,emerald,-23.5333,148.1667,8.2,54,0,3.16,AU,1721315269
414,bhimunipatnam,17.8833,83.4333,26.73,92,100,3.34,IN,1721315271
415,weno,7.4515,151.8468,24.97,94,100,2.57,FM,1721315273
416,pasuquin,18.3328,120.6177,28.73,80,6,1.54,PH,1721315274
417,masterton,-40.9597,175.6575,8.94,97,5,2.06,NZ,1721315275
418,formosa,-26.1775,-58.1781,26.65,59,0,2.68,AR,1721315273
419,taganrog,47.2362,38.8969,35.57,27,26,3.85,RU,1721315277
420,ambon,-3.6954,128.1814,26.6,95,40,2.57,ID,1721315278
421,pundong,-7.9522,110.3486,23.95,86,16,3.32,ID,1721315279
422,limon,10.0,-83.0333,27.94,83,0,1.54,CR,1721315261
423,ciudad insurgentes,25.2625,-111.7753,23.22,68,6,2.23,MX,1721315282
424,freetown,8.484,-13.2299,23.99,95,100,5.09,SL,1721315283
425,kirensk,57.7853,108.1119,18.33,87,46,1.52,RU,1721315284
426,mount pearl,47.5166,-52.7813,25.47,87,62,1.52,CA,1721315288
427,georgiyevskaya,44.1114,43.4922,33.16,21,100,5.9,RU,1721315289
428,carutapera,-1.195,-46.02,29.62,61,54,2.24,BR,1721315290
429,ixtapa,20.7,-105.2,29.57,89,100,2.57,MX,1721315291
430,coalcoman de vazquez pallares,18.7833,-103.15,23.31,85,100,0.22,MX,1721315293
431,groningen,53.25,6.75,25.63,57,40,2.06,NL,1721315295
432,san andres,12.5847,-81.7006,30.01,79,20,5.14,CO,1721315265
433,revda,56.801,59.9303,18.15,88,92,2.11,RU,1721315298
434,mamfe,5.754,9.3123,23.99,97,100,0.98,CM,1721315299
435,kristiansund,63.1115,7.732,16.03,87,75,3.6,NO,1721315300
436,nogliki,51.8333,143.1667,10.41,96,100,3.19,RU,1721315301
437,ghazni,33.5536,68.4269,28.15,13,3,3.21,AF,1721315303
438,neftcala,39.3742,49.2472,28.76,56,44,3.01,AZ,1721315304
439,saurimo,-9.6608,20.3916,33.11,8,31,1.88,AO,1721315237
440,murun-kuren,49.6342,100.1625,15.41,92,100,1.76,MN,1721315289
441,deming,32.2687,-107.7586,26.94,44,0,6.69,US,1721315097
442,ust-tsilma,65.441,52.1498,21.75,64,100,4.33,RU,1721315308
443,thomaston,32.8882,-84.3266,28.59,71,0,2.06,US,1721315309
444,kerman,30.2832,57.0788,33.17,13,0,7.16,IR,1721315311
445,maracacume,-2.0428,-45.9592,32.43,45,59,1.61,BR,1721315312
446,escanaba,45.7453,-87.0646,21.11,55,0,3.6,US,1721315313
447,tambopata,-12.7333,-69.1833,24.94,69,0,1.03,PE,1721315314
448,rethymno,35.3647,24.4714,33.79,51,0,4.09,GR,1721315315
449,broome,42.2506,-75.833,23.83,62,40,5.14,US,1721315316
450,pangai,-19.8,-174.35,23.79,86,3,4.22,TO,1721315317
451,gobabis,-22.45,18.9667,26.66,6,0,6.22,NA,1721315278
452,stepnogorsk,52.3544,71.8869,17.45,88,74,3.56,KZ,1721315320
453,priob'ye,62.5206,65.5964,23.29,66,97,1.56,RU,1721315321
454,manakara,-22.1333,48.0167,20.82,80,0,2.68,MG,1721315322
455,ulsteinvik,62.3432,5.8487,17.95,73,70,1.34,NO,1721315323
456,mili,6.0815,171.735,26.86,82,100,3.63,MH,1721315324
457,fort mcmurray,56.7268,-111.381,24.73,57,0,2.57,CA,1721315325
458,ilkal,15.9667,76.1333,23.3,85,100,9.14,IN,1721315327
459,hoemul-li,41.4339,129.67,21.01,95,60,1.15,KP,1721315328
460,balqash,46.8481,74.995,25.25,48,82,2.81,KZ,1721315329
461,laurel,39.0993,-76.8483,26.7,78,40,4.12,US,1721315330
462,yatou,37.15,122.3833,23.68,96,1,2.61,CN,1721315331
463,camarinas,43.1311,-9.1817,25.1,67,78,2.96,ES,1721315332
464,kyzyl-kyya,40.2568,72.1279,29.4,51,100,3.17,KG,1721315333
465,paphos,34.7667,32.4167,34.02,79,20,6.69,CY,1721315335
466,irtyshsk,53.3333,75.4572,18.95,83,74,5.9,KZ,1721315336
467,sebastopol,44.6,33.5333,28.13,51,100,3.49,UA,1721315191
468,sampit,-2.5333,112.95,23.86,91,73,1.31,ID,1721315338
469,zeerust,-25.5369,26.0751,23.58,10,0,3.37,ZA,1721315339
470,monguno,12.6786,13.6079,32.28,44,98,0.87,NG,1721315340
471,raymondville,26.4815,-97.7831,31.26,62,74,2.6,US,1721315343
472,mutum biyu,8.6333,10.7667,29.8,68,84,3.36,NG,1721315344
473,okha,53.5739,142.9478,11.47,86,100,7.99,RU,1721315345
474,cape coast,5.1053,-1.2466,25.35,81,93,7.14,GH,1721315346
475,puerto ayacucho,5.6639,-67.6236,23.09,96,100,1.71,VE,1721315347
476,alapa,8.6167,4.3833,28.25,67,76,4.43,NG,1721315348
477,island harbour,50.724,-1.2758,25.11,61,27,3.32,GB,1721315350
478,macon,39.8667,-88.9668,21.6,79,0,3.25,US,1721315135
479,happy valley-goose bay,53.3168,-60.3315,14.17,100,100,3.6,CA,1721315353
480,basoko,1.2391,23.616,29.15,60,67,2.94,CD,1721315354
481,broken hill,-31.95,141.4333,8.63,73,100,5.51,AU,1721315355
482,montagu,-40.7667,144.9667,9.58,74,100,3.83,AU,1721315356
483,loango,-4.6719,11.8312,23.12,77,40,4.86,CG,1721315357
484,constantia,44.1833,28.65,38.38,54,0,3.46,RO,1721315359
485,guiberoua,6.2392,-6.1727,25.81,88,98,2.1,CI,1721315360
486,makurazaki,31.2667,130.3167,27.45,89,100,2.93,JP,1721315167
487,barghat,22.0333,79.7167,26.62,87,100,1.52,IN,1721315362
488,pimentel,-6.8367,-79.9342,18.16,77,100,2.57,PE,1721315363
489,langzhong,31.5504,105.9938,24.08,96,96,2.2,CN,1721315364
490,ketchikan,55.3422,-131.6461,14.99,99,100,1.16,US,1721315366
491,lampang,18.3333,99.5,24.47,97,100,1.56,TH,1721315367
492,gagliano del capo,39.8442,18.3695,35.45,55,0,6.49,IT,1721315368
493,novokubansk,45.117,41.0267,37.38,16,65,5.43,RU,1721315369
494,oban,56.4127,-5.4706,16.95,88,100,4.63,GB,1721315370
495,daru,-9.0763,143.2092,24.05,84,100,7.34,PG,1721315372
496,zaozersk,69.4005,32.4476,14.55,78,7,4.17,RU,1721315373
497,kosh-agach,50.0,88.6667,15.2,61,100,1.51,RU,1721315374
498,mana,5.6592,-53.7767,30.13,62,2,3.44,GF,1721315375
499,kupang,-10.1667,123.5833,24.32,57,57,4.63,ID,1721315376
500,jayapura,-2.5333,140.7,24.66,94,73,2.34,ID,1721315377
501,mil'kovo,55.6078,37.7956,26.84,59,100,1.25,RU,1721315378
502,wongsorejo,-7.9908,114.4009,23.27,87,20,3.0,ID,1721315380
503,gilgit,35.9221,74.3087,26.48,41,81,0.45,PK,1721315381
504,lazaro cardenas,17.9583,-102.2,28.99,76,100,1.86,MX,1721315382
505,nelson bay,-32.7167,152.15,10.61,77,0,0.89,AU,1721315383
506,victoria,22.2855,114.1577,28.47,87,100,3.58,HK,1721315378
507,torrington,41.8007,-73.1212,26.1,76,99,2.24,US,1721315305
508,guilin,25.2819,110.2864,25.35,93,65,0.64,CN,1721315388
509,singarayakonda,15.25,80.0333,28.34,70,100,9.11,IN,1721315389
510,ardestan,33.3761,52.3694,37.47,13,0,8.62,IR,1721315390
511,yangzhou,32.3972,119.4358,26.39,95,99,3.22,CN,1721315201
512,saudarkrokur,65.7461,-19.6394,17.13,58,33,2.05,IS,1721315392
513,yunyang,33.4474,112.7142,25.45,95,89,2.2,CN,1721315393
514,vilyuchinsk,52.9306,158.4028,12.15,90,91,0.61,RU,1721315394
515,pachperwa,27.5167,82.65,30.68,67,45,2.68,IN,1721315396
516,miri,4.4148,114.0089,26.02,88,100,1.56,MY,1721315397
517,san pedro de macoris,18.4616,-69.2972,32.34,70,100,4.49,DO,1721315398
518,george town,5.4112,100.3354,30.96,70,20,2.06,MY,1721315322
519,longboat key,27.4125,-82.659,33.49,56,0,3.09,US,1721315304
520,kurchatov,51.6601,35.6521,28.56,80,30,7.42,RU,1721315401
521,cold lake,54.4502,-110.2017,17.16,86,98,0.79,CA,1721315403
522,prado,-17.3411,-39.2208,25.53,63,3,3.15,BR,1721315404
523,ivdel',60.6911,60.4206,17.14,96,92,2.62,RU,1721315405
524,shahr-e babak,30.1165,55.1186,35.4,12,92,9.06,IR,1721315406
525,miramichi,47.0043,-65.4654,21.62,89,100,3.68,CA,1721315407
526,chernyshevskiy,63.0128,112.4714,13.97,66,94,2.31,RU,1721315411
527,brookings,44.3114,-96.7984,20.81,72,0,3.6,US,1721315413
528,anar darah,32.7587,61.654,34.51,16,0,16.46,AF,1721315414
529,port macquarie,-31.4333,152.9167,8.93,77,2,0.45,AU,1721315415
530,chasong,41.4608,126.6414,17.54,96,0,1.74,KP,1721315416
531,vorkuta,67.5,64.0,19.73,59,19,5.35,RU,1721315417
532,fisterra,42.9049,-9.2629,25.01,72,96,4.19,ES,1721315418
533,labytnangi,66.6572,66.4183,20.37,72,92,6.31,RU,1721315420
534,fada,7.25,4.0667,26.4,84,82,2.53,NG,1721315421
535,chifeng,42.2683,118.9636,23.74,39,0,3.46,CN,1721315422
536,tvoroyri,61.5556,-6.8111,11.18,87,68,3.8,FO,1721315423
537,bomi,7.2461,-11.5258,25.7,88,100,3.28,SL,1721315426
538,west bay,19.3667,-81.4167,32.04,66,40,5.14,KY,1721315427
539,roma,43.2128,-75.4557,23.86,64,75,5.14,US,1721315428
540,aizkraukle,56.6048,25.2553,23.32,53,54,4.18,LV,1721315429
541,xilin hot,43.9667,116.0333,20.06,44,1,2.25,CN,1721315430
542,sumqayit,40.5897,49.6686,29.04,55,30,5.28,AZ,1721315431
543,achinsk,56.2694,90.4993,18.87,92,100,0.92,RU,1721315432
544,sinop,41.7711,34.8709,25.24,56,0,3.61,TR,1721315435
545,vilhena,-12.7406,-60.1458,28.86,28,0,2.72,BR,1721315436
546,horta,38.5333,-28.6333,23.8,73,40,3.6,PT,1721315437
547,middelburg,-25.7751,29.4648,20.02,13,0,4.07,ZA,1721315438
548,bodaybo,57.8506,114.1933,19.09,83,92,1.36,RU,1721315440
549,sept-iles,50.2001,-66.3821,21.7,87,75,3.09,CA,1721315222
550,dampit,-8.2116,112.7493,20.47,98,65,1.42,ID,1721315442
551,zholymbet,51.7433,71.7122,18.24,84,61,2.82,KZ,1721315443
552,demba,-5.51,22.2667,36.86,12,7,1.6,CD,1721315287
553,usogorsk,63.4106,48.6872,21.42,81,29,2.3,RU,1721315446
554,ringkobing,56.0901,8.244,17.99,68,75,3.6,DK,1721315447
555,city of balikpapan,-1.242,116.8942,26.48,80,6,3.86,ID,1721315449
556,bella vista,36.4295,-94.2316,25.75,69,0,5.14,US,1721315450
557,cikampek,-6.4197,107.4558,23.18,83,7,1.16,ID,1721315451
558,san luis de la loma,17.2706,-100.8939,30.23,54,22,0.37,MX,1721315452
559,piraquara,-25.4417,-49.0633,21.83,62,0,3.6,BR,1721315453
560,tatarsk,55.219,75.9828,17.76,85,91,4.37,RU,1721315454
561,entebbe,0.0644,32.4469,27.18,57,20,2.57,UG,1721315456
562,mahishadal,22.1833,87.9833,30.44,70,87,5.98,IN,1721315457
563,paradip garh,20.3167,86.6167,29.21,84,5,6.24,IN,1721315458
564,sirjan,29.452,55.6814,35.0,19,83,8.26,IR,1721315459
565,goundam,16.4145,-3.6708,39.51,26,96,1.32,ML,1721315460
566,zarghun shahr,32.8473,68.4457,26.25,38,0,10.55,AF,1721315461
567,vernon,50.2581,-119.2691,25.72,49,84,0.61,CA,1721315385
568,aguazul,5.1728,-72.5471,22.63,89,100,1.3,CO,1721315464
569,sebeta,8.9167,38.6167,19.0,68,96,0.17,ET,1721315465
570,dahlonega,34.5326,-83.9849,28.42,78,92,2.56,US,1721315466
571,horsham,51.064,-0.3272,27.69,51,0,4.12,GB,1721315467
572,tefe,-3.3542,-64.7114,31.06,55,0,3.09,BR,1721315469
